critical_batch,epoch,gns,gns_regime,guard_ci_high,guard_ci_low,guard_predicted_improvement,guard_should_stop,learning_rate,mean_dead_fraction,mean_feature_erank,mean_grad_norm,plasticity_score,run_id,seconds,train_accuracy,train_loss,val_accuracy,val_loss
,1,,,,,,,0.04980286753286195,,,1.8629951896992596,,development_base__cifar10__resnet18__s11__clean__plain,19.509692497999993,0.3931777777777778,1.6603142862955729,0.5078,1.3542350341796876
,2,,,,,,,0.04921457902821578,,,1.6794966885989362,,development_base__cifar10__resnet18__s11__clean__plain,18.53894425300001,0.5976222222222223,1.115922006395128,0.645,0.992631201171875
,3,,,,,,,0.04824441214720629,,,1.6295296830887145,,development_base__cifar10__resnet18__s11__clean__plain,19.235227780999992,0.6961555555555555,0.860202848900689,0.6458,1.0526965576171874
,4,,,,,,,0.046907667001096595,,,1.577316708185456,,development_base__cifar10__resnet18__s11__clean__plain,20.08108616300001,0.7528444444444444,0.7077366711934407,0.7578,0.7129114685058594
,5,,,,,,,0.0452254248593737,,,1.5606098618697037,,development_base__cifar10__resnet18__s11__clean__plain,21.100626523000017,0.7880888888888888,0.6118693266126844,0.7572,0.7194885986328124
,6,,,,,,,0.0432242156855353,,,1.5342389262196692,,development_base__cifar10__resnet18__s11__clean__plain,19.973194270000022,0.8125333333333333,0.5491904881795248,0.7974,0.6042759887695313
,7,,,,,,,0.04093559974371725,,,1.555731625380841,,development_base__cifar10__resnet18__s11__clean__plain,19.46608619,0.8326666666666667,0.48326590228610566,0.771,0.6783332702636719
,8,,,,,,,0.038395669874474916,,,1.5776370865377514,,development_base__cifar10__resnet18__s11__clean__plain,19.59726106200003,0.8473777777777778,0.4414712575700548,0.8202,0.5330128143310547
,9,,,,,,,0.03564448228912682,,,1.5764787014235149,,development_base__cifar10__resnet18__s11__clean__plain,19.936303869000028,0.8592888888888889,0.4066743837568495,0.8366,0.47262564849853517
,10,,,,,,,0.032725424859373686,,,1.6204613535241648,,development_base__cifar10__resnet18__s11__clean__plain,20.146429206999983,0.8711777777777778,0.3680959552341037,0.86,0.4156854690551758
,11,,,,,,,0.02968453286464312,,,1.6398633088577876,,development_base__cifar10__resnet18__s11__clean__plain,19.867076283000017,0.8858666666666667,0.33208282636006675,0.8328,0.5146231842041016
,12,,,,,,,0.02656976298823284,,,1.6633999208835037,,development_base__cifar10__resnet18__s11__clean__plain,19.60149129599995,0.8927111111111111,0.3088158601125081,0.8636,0.425281901550293
,13,,,,,,,0.02343023701176717,,,1.7020397419956597,,development_base__cifar10__resnet18__s11__clean__plain,19.62481170700005,0.9065111111111112,0.27546454883151583,0.8734,0.368130029296875
,14,,,,,,,0.02031546713535689,,,1.7187492132864215,,development_base__cifar10__resnet18__s11__clean__plain,19.816661897000017,0.9144222222222222,0.24535876371595594,0.8854,0.3345425193786621
,15,,,,,,,0.017274575140626323,,,1.7711116620762781,,development_base__cifar10__resnet18__s11__clean__plain,19.925623492,0.9236444444444445,0.2221980261484782,0.8844,0.34635196838378907
,16,,,,,,,0.014355517710873185,,,1.787589772858403,,development_base__cifar10__resnet18__s11__clean__plain,19.891252255999973,0.9336888888888889,0.1942142979092068,0.8944,0.3189389312744141
,17,,,,,,,0.01160433012552508,,,1.8330873742022298,,development_base__cifar10__resnet18__s11__clean__plain,19.823141781999993,0.9432888888888888,0.1634592025121053,0.903,0.28843512268066407
,18,,,,,,,0.009064400256282757,,,1.8149480594491416,,development_base__cifar10__resnet18__s11__clean__plain,19.757630656999936,0.9525555555555556,0.13738173152075875,0.9078,0.2877723472595215
,19,,,,,,,0.006775784314464718,,,1.792875781316649,,development_base__cifar10__resnet18__s11__clean__plain,19.77146907000008,0.9619777777777778,0.11190608271492852,0.9186,0.2553866050720215
,20,,,,,,,0.0047745751406263175,,,1.7159291300922632,,development_base__cifar10__resnet18__s11__clean__plain,19.77554424899995,0.9710666666666666,0.08816126164330376,0.9238,0.26114613456726077
,21,,,,,,,0.003092332998903411,,,1.674486223438924,,development_base__cifar10__resnet18__s11__clean__plain,19.697658437999962,0.9764666666666667,0.07264748635292054,0.9222,0.24668988037109374
,22,,,,,,,0.0017555878527937166,,,1.5199515963481232,,development_base__cifar10__resnet18__s11__clean__plain,19.71529913200004,0.9827555555555556,0.05705964758131239,0.924,0.2392044792175293
,23,,,,,,,0.000785420971784226,,,inf,,development_base__cifar10__resnet18__s11__clean__plain,19.72665319400005,0.9849111111111111,0.04870059907436371,0.9292,0.23287346496582031
,24,,,,,,,0.00019713246713805592,,,1.362845709378069,,development_base__cifar10__resnet18__s11__clean__plain,19.664650128000062,0.9877333333333334,0.042882118950949774,0.9286,0.22933718185424803
,25,,,,,,,0.0,,,1.315943379717117,,development_base__cifar10__resnet18__s11__clean__plain,19.72287648600002,0.9889111111111111,0.039989967595206365,0.9294,0.23028333206176757
18,1,18.278200810049753,optimal,inf,-inf,inf,0,0.04980286753286195,0.0,0.5738616341385756,1.8629951896992596,0.75306613171363,development_base__cifar10__resnet18__s11__clean__instrumented,32.583584413999915,0.3931777777777778,1.6603142862955729,0.5078,1.3542350341796876
93,2,92.83109900267291,optimal,0.7464974792771403,0.7464974792771403,0.2461337218947347,0,0.04921457902821578,0.0,0.5841087225838569,1.6794966885989362,0.7590994015619197,development_base__cifar10__resnet18__s11__clean__instrumented,55.140693598999974,0.5976222222222223,1.115922006395128,0.645,0.992631201171875
10,3,9.791624744482617,over-batched,1.0192944070990217,1.0192944070990217,0.03340215051816564,0,0.04824441214720629,0.0,0.6138173686658914,1.6295296830887145,0.7789171363976217,development_base__cifar10__resnet18__s11__clean__instrumented,58.19219134100001,0.6961555555555555,0.860202848900689,0.6458,1.0526965576171874
46,4,46.10948033330096,optimal,3222.008007477005,-517.4101616624332,0.0741475788347995,0,0.046907667001096595,0.0,0.5958425223972855,1.577316708185456,0.7636183102991918,development_base__cifar10__resnet18__s11__clean__instrumented,59.90034340400007,0.7528444444444444,0.7077366711934407,0.7578,0.7129114685058594
52,5,52.1751021348301,optimal,29.14517450018912,-0.170965042621313,0.0756444071606942,0,0.0452254248593737,0.0,0.5959110674163317,1.5606098618697037,0.7628365371297503,development_base__cifar10__resnet18__s11__clean__instrumented,60.616817544000014,0.7880888888888888,0.6118693266126844,0.7572,0.7194885986328124
168,6,168.18271000714097,optimal,4.121302793228847,-0.16137421517568643,0.045102999889051976,0,0.0432242156855353,0.0,0.6056825668838046,1.5342389262196692,0.7726313292273534,development_base__cifar10__resnet18__s11__clean__instrumented,60.155690521,0.8125333333333333,0.5491904881795248,0.7974,0.6042759887695313
80,7,80.34397725407827,optimal,1.836550586993123,0.37849982126505816,0.0718391053836972,0,0.04093559974371725,0.0,0.6456268431535281,1.555731625380841,0.7974179757383663,development_base__cifar10__resnet18__s11__clean__instrumented,59.56286953099993,0.8326666666666667,0.48326590228610566,0.771,0.6783332702636719
53,8,53.47811598924128,optimal,1.1028912281328882,0.3199080368792793,-0.016556539255034308,0,0.038395669874474916,0.0,0.6240457111641322,1.5776370865377514,0.7829926897553846,development_base__cifar10__resnet18__s11__clean__instrumented,60.37235426999996,0.8473777777777778,0.4414712575700548,0.8202,0.5330128143310547
88,9,87.68827936304596,optimal,0.9428075870183523,0.2867519047387802,-0.02012183307329518,0,0.03564448228912682,0.003472222222222222,0.6410162280213815,1.5764787014235149,0.7942267236474077,development_base__cifar10__resnet18__s11__clean__instrumented,61.43850733299996,0.8592888888888889,0.4066743837568495,0.8366,0.47262564849853517
111,10,110.64432348459532,optimal,0.8154819722788116,0.21161801211857761,-0.021288612535428075,0,0.032725424859373686,0.0,0.6407982937466079,1.6204613535241648,0.7924011344141001,development_base__cifar10__resnet18__s11__clean__instrumented,61.383257062999974,0.8711777777777778,0.3680959552341037,0.86,0.4156854690551758
142,11,141.5502373064154,optimal,0.6431606515653668,0.310221867483563,0.06091970762617804,0,0.02968453286464312,0.001736111111111111,0.6252760443000089,1.6398633088577876,0.7814209572919038,development_base__cifar10__resnet18__s11__clean__instrumented,60.979643141,0.8858666666666667,0.33208282636006675,0.8328,0.5146231842041016
27,12,26.651336782370784,optimal,0.5851018679456296,0.310667845601301,-0.00851408284041677,0,0.02656976298823284,0.0,0.6459886426194527,1.6633999208835037,0.7966733096472489,development_base__cifar10__resnet18__s11__clean__instrumented,61.260014575000014,0.8927111111111111,0.3088158601125081,0.8636,0.425281901550293
99,13,98.91574562817472,optimal,0.5629725583246645,0.2983445695955301,-0.03592476459415633,0,0.02343023701176717,0.0,0.6520529478003811,1.7020397419956597,0.7995577715109308,development_base__cifar10__resnet18__s11__clean__instrumented,63.113036298,0.9065111111111112,0.27546454883151583,0.8734,0.368130029296875
306,14,306.1954305056482,under-batched,0.4997301223755971,0.2548858212732749,-0.0400844234496639,0,0.02031546713535689,0.0,0.6580129592279741,1.7187492132864215,0.8036620471500313,development_base__cifar10__resnet18__s11__clean__instrumented,62.37167230499995,0.9144222222222222,0.24535876371595594,0.8854,0.3345425193786621
7200,15,100000.0,under-batched,0.4746061276820781,0.2677266892365079,-0.012533183356368383,0,0.017274575140626323,0.0,0.6566065318349232,1.7711116620762781,0.8031846380927303,development_base__cifar10__resnet18__s11__clean__instrumented,60.71667956700003,0.9236444444444445,0.2221980261484782,0.8844,0.34635196838378907
194,16,193.62035561276642,optimal,0.4276960903302017,0.25383297866180954,-0.02282799695006521,0,0.014355517710873185,0.0,0.6519264615494773,1.787589772858403,0.7996959262373668,development_base__cifar10__resnet18__s11__clean__instrumented,63.155112804000055,0.9336888888888889,0.1942142979092068,0.8944,0.3189389312744141
339,17,339.0248838024849,under-batched,0.42634343750054243,0.2481805996043031,-0.034312599325011406,0,0.01160433012552508,0.0,0.6499549052213522,1.8330873742022298,0.7951349393411244,development_base__cifar10__resnet18__s11__clean__instrumented,61.035450097999956,0.9432888888888888,0.1634592025121053,0.903,0.28843512268066407
183,18,182.83161900676305,optimal,0.3843391604591261,0.2407147461914253,-0.021499939357118136,0,0.009064400256282757,0.001736111111111111,0.654302277658798,1.8149480594491416,0.798855013819256,development_base__cifar10__resnet18__s11__clean__instrumented,61.91286459800017,0.9525555555555556,0.13738173152075875,0.9078,0.2877723472595215
241,19,240.5543479997737,optimal,0.36994193813566517,0.22937065520899363,-0.037444237528711566,0,0.006775784314464718,0.0,0.6675454956277146,1.792875781316649,0.809285503271254,development_base__cifar10__resnet18__s11__clean__instrumented,60.77503672000012,0.9619777777777778,0.11190608271492852,0.9186,0.2553866050720215
516,20,515.6644545611802,under-batched,0.3680722787596252,0.23100925709809775,-0.020808519482444388,0,0.0047745751406263175,0.001736111111111111,0.644104733080177,1.7159291300922632,0.7919904757825286,development_base__cifar10__resnet18__s11__clean__instrumented,61.39142225599994,0.9710666666666666,0.08816126164330376,0.9238,0.26114613456726077
7200,21,100000.0,under-batched,0.33617876422664694,0.2126757998760317,-0.024656269068140946,0,0.003092332998903411,0.0,0.6659245872960333,1.674486223438924,0.8085519983802782,development_base__cifar10__resnet18__s11__clean__instrumented,60.379337566000004,0.9764666666666667,0.07264748635292054,0.9222,0.24668988037109374
7200,22,100000.0,under-batched,0.3236555588448621,0.21366148617656017,-0.02293845690868873,0,0.0017555878527937166,0.0,0.6763500845309659,1.5199515963481232,0.8142178025319667,development_base__cifar10__resnet18__s11__clean__instrumented,61.432741379999925,0.9827555555555556,0.05705964758131239,0.924,0.2392044792175293
52,23,52.3182464320903,optimal,0.3162572907954233,0.20537234783139408,-0.021301622849796392,0,0.000785420971784226,0.0,0.666596193567212,inf,0.8090754201291233,development_base__cifar10__resnet18__s11__clean__instrumented,60.91567967500009,0.9849111111111111,0.04870059907436371,0.9292,0.23287346496582031
1478,24,1477.976503686653,under-batched,0.30032018901853946,0.20278505826116583,-0.018231451704224022,0,0.00019713246713805592,0.0,0.6764214987035491,1.362845709378069,0.8137629769227431,development_base__cifar10__resnet18__s11__clean__instrumented,61.12157259000014,0.9877333333333334,0.042882118950949774,0.9286,0.22933718185424803
74,25,73.9534494690236,optimal,0.287214243139394,0.20082224075315971,-0.012362525373919825,0,0.0,0.006944444444444444,0.6301382789047498,1.315943379717117,0.7759081828663853,development_base__cifar10__resnet18__s11__clean__instrumented,61.21532342799992,0.9889111111111111,0.039989967595206365,0.9294,0.23028333206176757
14,1,14.438531943226712,over-batched,inf,-inf,inf,0,0.04980286753286195,0.0,0.5527264151259231,1.4290573810311882,0.7395064636280169,development_base__cifar10__resnet18__s11__symmetric__instrumented,32.749416042999655,0.29015555555555556,2.02620452609592,0.4262,1.6312575805664062
63,2,62.862567850190715,optimal,0.961224628660942,0.961224628660942,0.2901469655773392,0,0.04921457902821578,0.0,0.5567605573633351,1.2057440245354718,0.7419298290046069,development_base__cifar10__resnet18__s11__symmetric__instrumented,52.878918213999896,0.4258888888888889,1.7461826972113714,0.5646,1.2513715942382813
47,3,47.47241534785014,optimal,1.094462145798881,1.094462145798881,0.03752083759955638,0,0.04824441214720629,0.0,0.6176858257450074,1.2301672470163216,0.7815526282164273,development_base__cifar10__resnet18__s11__symmetric__instrumented,60.98794940300013,0.4902222222222222,1.614378522406684,0.651,1.1319829833984374
69,4,68.81836778507423,optimal,1.090722307362961,1.0822364495852974,0.012066289891685011,0,0.046907667001096595,0.0,0.5895249759592246,1.2415560538118535,0.7587025785570121,development_base__cifar10__resnet18__s11__symmetric__instrumented,60.66628758099978,0.5451555555555555,1.5116586741129556,0.6564,1.0985572509765624
462,5,461.5689050987294,under-batched,129.15108043524577,-7.831275040412524,0.007213136555535238,0,0.0452254248593737,0.0,0.5731550900435841,1.270457175983624,0.7409222907004794,development_base__cifar10__resnet18__s11__symmetric__instrumented,61.69589133799991,0.5772888888888889,1.4441039042154948,0.705,0.9268967437744141
4632,6,4631.576903288788,under-batched,73.31941954827751,-3.4376284191567006,0.006819338259287155,0,0.0432242156855353,0.0,0.592910732171164,1.246055100790479,0.764468541917238,development_base__cifar10__resnet18__s11__symmetric__instrumented,61.17761081799972,0.6032444444444445,1.3915358883327908,0.7538,0.8514291412353515
7200,7,100000.0,under-batched,31.02325684566867,-1.5741254155322335,-0.005525451265912751,0,0.04093559974371725,0.003472222222222222,0.6254793819103373,1.2641912697052413,0.7829305724532521,development_base__cifar10__resnet18__s11__symmetric__instrumented,62.866278741000315,0.6212444444444445,1.348274030219184,0.764,0.7868924240112305
35,8,34.79771372409536,optimal,15.03525266390672,-1.147588825166972,0.048617821505893555,0,0.038395669874474916,0.0,0.6107007117306442,1.2725413506003944,0.7748565873443061,development_base__cifar10__resnet18__s11__symmetric__instrumented,62.644531483000264,0.6390888888888889,1.311474407280816,0.7758,0.8139282119750977
7200,9,100000.0,under-batched,10.835052700890214,-0.49480648507042035,-0.011393285112507034,0,0.03564448228912682,0.0,0.6019825561110038,1.3138647753406654,0.7699040382203827,development_base__cifar10__resnet18__s11__symmetric__instrumented,62.65589227700002,0.6505333333333333,1.2815639451768663,0.801,0.717625212097168
74,10,74.35605057738091,optimal,7.41970977742332,-0.7476263845459505,0.0545411045363654,0,0.032725424859373686,0.0,0.6262033423721189,1.3742004087702795,0.7834332643887468,development_base__cifar10__resnet18__s11__symmetric__instrumented,63.57912291899993,0.6614888888888889,1.2585128255208333,0.7922,0.7656082946777344
130,11,129.81920302693013,optimal,7.231703305212461,-0.3233381275484731,0.06098015271600976,0,0.02968453286464312,0.0,0.6132714598025084,1.4141226329586722,0.7735203858948297,development_base__cifar10__resnet18__s11__symmetric__instrumented,62.65894527499995,0.6721555555555555,1.229912360297309,0.791,0.7578727828979492
79,12,79.42209149017334,optimal,7.286159139798009,-0.22572404285053138,-0.05528230140860979,0,0.02656976298823284,0.0,0.6286913549787567,1.444647130979733,0.7855082630222434,development_base__cifar10__resnet18__s11__symmetric__instrumented,64.01554865699973,0.6838666666666666,1.2008754706488716,0.8432,0.6114562072753906
7200,13,100000.0,under-batched,4.101986921283589,-0.3209405424057299,-0.03342606595422026,0,0.02343023701176717,0.0,0.6343177159250009,1.5202943435446783,0.7876472413886187,development_base__cifar10__resnet18__s11__symmetric__instrumented,63.80581989600023,0.6917555555555556,1.1772045613606772,0.846,0.6094036209106445
262,14,262.093072869114,optimal,2.9886549613819344,-0.13090024969060415,-0.002612649446567916,0,0.02031546713535689,0.0,0.6348150981020493,1.5735882385210558,0.7880826269877916,development_base__cifar10__resnet18__s11__symmetric__instrumented,66.13696732300014,0.7007111111111111,1.1540762329101562,0.8464,0.6224342636108399
7200,15,100000.0,under-batched,2.523081897986285,-0.16003967840128283,-0.009945258013001612,0,0.017274575140626323,0.0,0.6464060366200175,1.6218791671774604,0.7962074239164627,development_base__cifar10__resnet18__s11__symmetric__instrumented,64.09759971099993,0.71,1.1302418670654297,0.8422,0.5981921600341797
362,16,361.7735950399335,under-batched,2.5740225428281516,-0.14612148341247028,-0.019605206574658807,0,0.014355517710873185,0.0,0.6373500348777236,1.7192868119613691,0.7907250829543657,development_base__cifar10__resnet18__s11__symmetric__instrumented,62.831847411000126,0.7203111111111111,1.106322498236762,0.8646,0.5721408294677734
7200,17,100000.0,under-batched,2.940898239920614,-0.12785258455836662,-0.03429952007486925,0,0.01160433012552508,0.003472222222222222,0.636401137843793,1.8157307275316932,0.7851090352308611,development_base__cifar10__resnet18__s11__symmetric__instrumented,62.99594322500025,0.7302222222222222,1.0749420145670574,0.8676,0.5410555267333984
198,18,197.84921040848772,optimal,1.833370132030204,-0.12603407710411857,0.004974623587156279,0,0.009064400256282757,0.003472222222222222,0.651283077554475,1.949935003776442,0.796402491491822,development_base__cifar10__resnet18__s11__symmetric__instrumented,63.12068980899994,0.7364666666666667,1.0532849941677518,0.869,0.5685332458496094
1331,19,1331.1094431823412,under-batched,1.8968181077562567,-0.07038500288174925,-0.027725542759254762,0,0.006775784314464718,0.0,0.651200981876204,2.0863476886667986,0.7996485162676491,development_base__cifar10__resnet18__s11__symmetric__instrumented,62.7151454079999,0.7456444444444444,1.023940303548177,0.876,0.5223343536376953
2809,20,2808.8790518465476,under-batched,1.7848718616964085,-0.005531563943637359,-0.008616521218767437,0,0.0047745751406263175,0.001736111111111111,0.6401969223001102,2.2433297732336954,0.7905717507073551,development_base__cifar10__resnet18__s11__symmetric__instrumented,63.067721367000104,0.7548444444444444,0.9935019331190321,0.876,0.5302848861694336
7200,21,67810.01857685162,under-batched,1.462529924346068,-0.03199024015175989,-0.020573889596501305,0,0.003092332998903411,0.0,0.6628849877931463,2.4282497519796546,0.8074400731639703,development_base__cifar10__resnet18__s11__symmetric__instrumented,62.707123046000106,0.7646666666666667,0.9628665049235026,0.8874,0.507087850189209
7200,22,100000.0,under-batched,1.3050106862474251,0.11302665855086753,-0.00013483224081312084,0,0.0017555878527937166,0.001736111111111111,0.6806231393572295,2.612280420958996,0.816829665738297,development_base__cifar10__resnet18__s11__symmetric__instrumented,63.00545776900026,0.7726,0.9319611902872721,0.8808,0.5183174880981445
96,23,95.89243977580936,optimal,1.3466675105568007,0.02179141958771272,-0.01445560096456111,0,0.000785420971784226,0.0,0.6717002059072364,inf,0.8126791594599714,development_base__cifar10__resnet18__s11__symmetric__instrumented,62.76433643900009,0.7809777777777778,0.9009224748399522,0.8834,0.49447379150390625
429,24,429.25992511522225,under-batched,1.2594364272853027,0.11674385920033686,-0.016177165739956534,0,0.00019713246713805592,0.0,0.6833723316746193,2.8685861825942993,0.8187175871973903,development_base__cifar10__resnet18__s11__symmetric__instrumented,66.81665131199998,0.7858888888888889,0.8806636240641276,0.8862,0.48368074645996095
508,25,508.1244704163623,under-batched,1.2755784852820151,0.10857159797072154,-0.00692340157676441,0,0.0,0.012152777777777778,0.6315363454314155,2.924214580519633,0.7759021946322509,development_base__cifar10__resnet18__s11__symmetric__instrumented,68.45096799200019,0.7904,0.8655600802951389,0.8886,0.48487196884155276
980,1,980.3633810500849,under-batched,inf,-inf,inf,0,0.04980286753286195,0.0,0.542236785338062,1.3746090726080267,0.731004190100801,development_base__cifar10__resnet18__s11__class_conditional__instrumented,34.67197947400018,0.2648,1.9839110446506076,0.445,1.5653382171630859
1072,2,1072.3102342171828,under-batched,1.228412359064463,1.228412359064463,0.11022242181932596,0,0.04921457902821578,0.0,0.5556031342710749,1.335265932774002,0.740768435026973,development_base__cifar10__resnet18__s11__class_conditional__instrumented,60.642457193000155,0.4089777777777778,1.6294898339165582,0.5358,1.338634780883789
9,3,9.367931642603327,over-batched,1.3652284324825725,1.3652284324825725,0.028436441785005595,0,0.04824441214720629,0.0,0.6056756980996025,1.4207142852246761,0.7731283126942345,development_base__cifar10__resnet18__s11__class_conditional__instrumented,70.17012470899999,0.49164444444444444,1.423446140882704,0.541,1.3936648742675781
7200,4,9879.822809072517,under-batched,11249.113613205558,-14124.244650048238,0.023873313095072124,0,0.046907667001096595,0.001736111111111111,0.585426012955074,1.4172994047403336,0.7561054170594645,development_base__cifar10__resnet18__s11__class_conditional__instrumented,71.92681220500026,0.5461777777777778,1.2769834659152561,0.7102,0.9767318572998047
52,5,51.532330197064205,optimal,138.36818328373275,-11.478442753294667,0.11170724700661838,0,0.0452254248593737,0.0,0.579020681589822,1.4429209804670378,0.742348104656826,development_base__cifar10__resnet18__s11__class_conditional__instrumented,72.36314884000012,0.5856666666666667,1.1713570366753472,0.7144,0.9501523681640625
44,6,44.09200740750317,optimal,25.007531336203847,-3.276119515898069,0.1304559494641344,0,0.0432242156855353,0.003472222222222222,0.5922376176172675,1.4669399860907684,0.7611712795121632,development_base__cifar10__resnet18__s11__class_conditional__instrumented,73.78637904900052,0.6107111111111111,1.0920149166531032,0.723,0.9091410278320312
60,7,59.62136589299494,optimal,3.91762159585085,-0.27788629200188736,0.08521115023767578,0,0.04093559974371725,0.003472222222222222,0.6207178245151178,1.4767632071267476,0.7783325016947105,development_base__cifar10__resnet18__s11__class_conditional__instrumented,72.61815706800007,0.6348666666666667,1.0257210717095269,0.7646,0.8515311416625977
27,8,27.26900457598379,optimal,1.9909615123647755,0.23108926544792036,0.060237631167741834,0,0.038395669874474916,0.0,0.6090236929040873,1.492520030249249,0.7720966001908786,development_base__cifar10__resnet18__s11__class_conditional__instrumented,75.27778115399997,0.6542,0.9724125332302518,0.7886,0.8075101364135742
277,9,277.06798798927315,optimal,1.4282808590378653,0.2586602633943456,0.021498313926158863,0,0.03564448228912682,0.006944444444444444,0.591284074839433,1.5023191347718239,0.7595144880534771,development_base__cifar10__resnet18__s11__class_conditional__instrumented,74.63638325500051,0.6655555555555556,0.9319607286241319,0.808,0.7156430145263671
67,10,67.23338173443042,optimal,1.2164293314439054,0.27119556836629877,0.013195979332828567,0,0.032725424859373686,0.0,0.6261424185576623,1.547036668116396,0.7820722764667236,development_base__cifar10__resnet18__s11__class_conditional__instrumented,73.3656107529996,0.6789777777777778,0.8893874460856119,0.837,0.6541065155029296
87,11,86.79329782015645,optimal,1.018791990600921,0.3943757353030305,0.04486150152567403,0,0.02968453286464312,0.001736111111111111,0.6041690047904159,1.5747777616435832,0.7655826752138735,development_base__cifar10__resnet18__s11__class_conditional__instrumented,74.20095490699987,0.6894666666666667,0.8580710015190972,0.8256,0.6730412170410156
106,12,106.20286589595266,optimal,0.9132618127209322,0.3965023554905824,0.007636105242238789,0,0.02656976298823284,0.0,0.6301011870219106,1.596394736658443,0.7856715463271438,development_base__cifar10__resnet18__s11__class_conditional__instrumented,73.465886168,0.6987333333333333,0.8266635023328993,0.8558,0.6037445693969726
7200,13,100000.0,under-batched,0.8115270181682509,0.4271257495356227,0.022440855529469506,0,0.02343023701176717,0.0,0.6361672617950052,1.6520179205320098,0.7879968686916481,development_base__cifar10__resnet18__s11__class_conditional__instrumented,74.18231306300004,0.7108222222222222,0.7920566453721788,0.8598,0.6018919540405273
211,14,211.29280700265738,optimal,0.7453859199151588,0.4140703692505772,0.0065767346671357085,0,0.02031546713535689,0.0,0.6393992182379948,1.707771960645914,0.7906471323086232,development_base__cifar10__resnet18__s11__class_conditional__instrumented,74.52331030699952,0.7188888888888889,0.7663615376790365,0.8628,0.5660087310791015
192,15,192.35732177852555,optimal,0.695822013692568,0.47646184531841346,0.0876616998202343,0,0.017274575140626323,0.0,0.6484515017100515,1.7697496922178702,0.7962128552005971,development_base__cifar10__resnet18__s11__class_conditional__instrumented,74.13254807799967,0.7259111111111111,0.7391552700466579,0.84,0.6654555038452148
93,16,92.67526749316691,optimal,0.6687730823457784,0.4835860622335398,0.019078103453544215,0,0.014355517710873185,0.0,0.6410595895412197,1.8115278103134849,0.7920628138053109,development_base__cifar10__resnet18__s11__class_conditional__instrumented,74.92522766900038,0.7346888888888888,0.7119572184244791,0.8674,0.5920904800415039
40,17,39.72957311948106,optimal,0.6542071980884453,0.48972645654242364,-0.02223105889836785,0,0.01160433012552508,0.001736111111111111,0.639864541284725,1.8992183967070146,0.787239713793663,development_base__cifar10__resnet18__s11__class_conditional__instrumented,74.03759063899997,0.7435555555555555,0.6825372999403212,0.8704,0.5356532791137695
121,18,121.2306829788069,optimal,0.6269718142307424,0.48396839176636797,-0.014195285000447644,0,0.009064400256282757,0.006944444444444444,0.6477149195622163,1.916667459363287,0.7909774182292131,development_base__cifar10__resnet18__s11__class_conditional__instrumented,75.18221976200039,0.7528444444444444,0.6530626444498698,0.882,0.5325490615844727
192,19,191.52894280349904,optimal,0.5987726407848767,0.4691641058895948,-0.029666673258283538,0,0.006775784314464718,0.0,0.6608941529269708,1.9703640937805176,0.8042513831014763,development_base__cifar10__resnet18__s11__class_conditional__instrumented,75.00222672399923,0.7613333333333333,0.6251493469238282,0.901,0.5036052291870117
111,20,110.86719211357695,optimal,0.601325206391271,0.4708307774439093,-0.00600133083922616,0,0.0047745751406263175,0.006944444444444444,0.6374053376384241,1.968990063633431,0.7849246958177286,development_base__cifar10__resnet18__s11__class_conditional__instrumented,75.43157951900048,0.7704222222222222,0.5973028856065539,0.8962,0.520542943572998
7200,21,100000.0,under-batched,0.5740908269106607,0.4673152553575501,-0.02547952918962121,0,0.003092332998903411,0.0,0.6619255868999537,1.9984230578623035,0.8052977208400283,development_base__cifar10__resnet18__s11__class_conditional__instrumented,75.7571526669999,0.7787111111111111,0.5734279541015626,0.9006,0.4913675582885742
7200,22,100000.0,under-batched,0.5591226949419793,0.4601411684410388,-0.019227594752926402,0,0.0017555878527937166,0.0,0.6729708181117631,1.961191924796863,0.8112041190122358,development_base__cifar10__resnet18__s11__class_conditional__instrumented,75.18729708000046,0.7848888888888889,0.5503900488959418,0.9022,0.4901144287109375
210,23,210.38237259515788,optimal,0.5470498041698845,0.46103994999566317,-0.0247757604034467,0,0.000785420971784226,0.0,0.6606516521402431,inf,0.8045210266450681,development_base__cifar10__resnet18__s11__class_conditional__instrumented,74.42566868199992,0.7893777777777777,0.5369716078016493,0.9072,0.4769173828125
7200,24,100000.0,under-batched,0.5367788218716867,0.4550479638139661,-0.02344973474428841,0,0.00019713246713805592,0.0,0.6755959023847984,1.9673840952190487,0.8128800896160847,development_base__cifar10__resnet18__s11__class_conditional__instrumented,74.94848962299966,0.7941111111111111,0.5247233829074436,0.9054,0.47156299133300783
7200,25,100000.0,under-batched,0.5323417176249713,0.44974419315922776,-0.02128434726417916,0,0.0,0.008680555555555556,0.6273776394542266,1.9478769786655903,0.7729530432389624,development_base__cifar10__resnet18__s11__class_conditional__instrumented,76.27848670200001,0.7942,0.5211399285210504,0.9058,0.46803314514160155
,1,,,,,,,0.04980286753286195,,,1.915249103680253,,development_base__cifar10__resnet18__s23__clean__plain,21.284722873000646,0.3837777777777778,1.6736319339328343,0.4584,1.5399627288818358
,2,,,,,,,0.04921457902821578,,,1.6542151719331741,,development_base__cifar10__resnet18__s23__clean__plain,20.216243927000505,0.5927777777777777,1.1269608395046657,0.6334,1.0399890502929687
,3,,,,,,,0.04824441214720629,,,1.6133336946368217,,development_base__cifar10__resnet18__s23__clean__plain,19.64230124000005,0.6916666666666667,0.8747341061062283,0.6958,0.8436948486328125
,4,,,,,,,0.046907667001096595,,,1.5624770200387998,,development_base__cifar10__resnet18__s23__clean__plain,19.738845632000448,0.7546888888888889,0.705080113559299,0.745,0.744696044921875
,5,,,,,,,0.0452254248593737,,,1.5279722267931157,,development_base__cifar10__resnet18__s23__clean__plain,20.06546008300029,0.7866222222222222,0.6176613284640842,0.7652,0.6735870346069336
,6,,,,,,,0.0432242156855353,,,1.5601177334108136,,development_base__cifar10__resnet18__s23__clean__plain,20.147665952000352,0.8123333333333334,0.5459222735087077,0.7956,0.6204748077392578
,7,,,,,,,0.04093559974371725,,,1.5619995651597327,,development_base__cifar10__resnet18__s23__clean__plain,19.98589950099995,0.8322,0.48860551206800673,0.7954,0.6229248046875
,8,,,,,,,0.038395669874474916,,,1.5774635377932678,,development_base__cifar10__resnet18__s23__clean__plain,19.83381359499981,0.8452888888888889,0.4468795244004991,0.826,0.5177807159423828
,9,,,,,,,0.03564448228912682,,,1.593661337413571,,development_base__cifar10__resnet18__s23__clean__plain,19.827843617000326,0.8620444444444444,0.3967237286461724,0.821,0.5206623657226562
,10,,,,,,,0.032725424859373686,,,1.6316831721500917,,development_base__cifar10__resnet18__s23__clean__plain,19.9104557390001,0.8726,0.36587662357754175,0.8466,0.419736946105957
,11,,,,,,,0.02968453286464312,,,1.636747569861737,,development_base__cifar10__resnet18__s23__clean__plain,19.96295637900039,0.8842222222222222,0.33257305730183917,0.845,0.48562825469970705
,12,,,,,,,0.02656976298823284,,,1.6806349090554498,,development_base__cifar10__resnet18__s23__clean__plain,20.087466299999505,0.8954444444444445,0.29716891454060873,0.861,0.4143310890197754
,13,,,,,,,0.02343023701176717,,,1.700354130430655,,development_base__cifar10__resnet18__s23__clean__plain,19.98840291599936,0.9062888888888889,0.2700501778072781,0.852,0.48490428314208983
,14,,,,,,,0.02031546713535689,,,1.746125576171008,,development_base__cifar10__resnet18__s23__clean__plain,19.972272160000102,0.9160888888888888,0.242397340965271,0.889,0.32451983184814454
,15,,,,,,,0.017274575140626323,,,1.7560319675301963,,development_base__cifar10__resnet18__s23__clean__plain,19.95059318299991,0.927,0.21029929859373306,0.8838,0.35711878967285154
,16,,,,,,,0.014355517710873185,,,1.8224958917972716,,development_base__cifar10__resnet18__s23__clean__plain,19.956546227000217,0.9350222222222222,0.18647954625023735,0.8792,0.37355983657836916
,17,,,,,,,0.01160433012552508,,,1.8237541241740638,,development_base__cifar10__resnet18__s23__clean__plain,19.927458613000454,0.9457555555555556,0.1580374559932285,0.8926,0.3219347602844238
,18,,,,,,,0.009064400256282757,,,1.7998097948729992,,development_base__cifar10__resnet18__s23__clean__plain,19.999140025000088,0.9547777777777777,0.13130391712188721,0.9102,0.28229483642578124
,19,,,,,,,0.006775784314464718,,,1.757960882037878,,development_base__cifar10__resnet18__s23__clean__plain,19.91406733399981,0.9641111111111111,0.10654834555519951,0.9198,0.2662982398986816
,20,,,,,,,0.0047745751406263175,,,1.733852545646104,,development_base__cifar10__resnet18__s23__clean__plain,19.882410265000544,0.9702444444444445,0.08791674747202131,0.9222,0.26539369125366213
,21,,,,,,,0.003092332998903411,,,1.5729836450720376,,development_base__cifar10__resnet18__s23__clean__plain,19.786975475000872,0.9783777777777778,0.0668341972457038,0.9254,0.24978794746398925
,22,,,,,,,0.0017555878527937166,,,1.4954741976477883,,development_base__cifar10__resnet18__s23__clean__plain,19.90077237999958,0.9839111111111111,0.052679102847311234,0.9256,0.24524828147888184
,23,,,,,,,0.000785420971784226,,,1.4257872113958001,,development_base__cifar10__resnet18__s23__clean__plain,19.996763312999974,0.9860888888888889,0.04589158611297607,0.9326,0.23205855102539064
,24,,,,,,,0.00019713246713805592,,,inf,,development_base__cifar10__resnet18__s23__clean__plain,19.825312689000384,0.9882888888888889,0.04083922071721819,0.9318,0.23374826698303222
,25,,,,,,,0.0,,,1.303511220199818,,development_base__cifar10__resnet18__s23__clean__plain,19.83164687899989,0.9898666666666667,0.037676748175091215,0.931,0.23301670055389404
15,1,15.315053574071113,over-batched,inf,-inf,inf,0,0.04980286753286195,0.0,0.4568002717921067,1.915249103680253,0.6636418382267888,development_base__cifar10__resnet18__s23__clean__instrumented,36.78448847800064,0.3837777777777778,1.6736319339328343,0.4584,1.5399627288818358
158,2,158.20769198572359,optimal,0.7532334600203974,0.7532334600203974,0.28675559027257136,0,0.04921457902821578,0.0,0.5777120676676448,1.6542151719331741,0.7515572931568995,development_base__cifar10__resnet18__s23__clean__instrumented,67.13500423300047,0.5927777777777777,1.1269608395046657,0.6334,1.0399890502929687
14,3,13.683287439135405,over-batched,0.7666279644055156,0.7666279644055156,0.0770668842272969,0,0.04824441214720629,0.0,0.6110999790409141,1.6133336946368217,0.7753629716944399,development_base__cifar10__resnet18__s23__clean__instrumented,75.24062475200026,0.6916666666666667,0.8747341061062283,0.6958,0.8436948486328125
103,4,102.73406181160442,optimal,0.7391198128015629,0.6800663110049953,0.03261324418932665,0,0.046907667001096595,0.0,0.6152994926843158,1.5624770200387998,0.7793922612191813,development_base__cifar10__resnet18__s23__clean__instrumented,76.7359847179996,0.7546888888888889,0.705080113559299,0.745,0.744696044921875
42,5,42.33160729261059,optimal,0.7042040302650862,0.6335842344525804,0.007025149106669737,0,0.0452254248593737,0.0,0.5940007534204543,1.5279722267931157,0.7621123944718676,development_base__cifar10__resnet18__s23__clean__instrumented,76.42476445000011,0.7866222222222222,0.6176613284640842,0.7652,0.6735870346069336
20,6,20.064427578628,optimal,0.6689942167648678,0.5949665474518915,-0.009128300144781387,0,0.0432242156855353,0.001736111111111111,0.6146843700688432,1.5601177334108136,0.7768614690120416,development_base__cifar10__resnet18__s23__clean__instrumented,77.85490774200025,0.8123333333333334,0.5459222735087077,0.7956,0.6204748077392578
117,7,116.75231641724841,optimal,0.6444479293571238,0.5940949501222687,0.0025614911102422866,0,0.04093559974371725,0.0,0.6309506711925655,1.5619995651597327,0.7881295078204064,development_base__cifar10__resnet18__s23__clean__instrumented,77.87914188800005,0.8322,0.48860551206800673,0.7954,0.6229248046875
79,8,79.22045169604601,optimal,0.6259508221775935,0.5308977355154466,-0.06004731636789129,0,0.038395669874474916,0.0,0.5998502467144292,1.5774635377932678,0.767735843909717,development_base__cifar10__resnet18__s23__clean__instrumented,77.64001612500033,0.8452888888888889,0.4468795244004991,0.826,0.5177807159423828
43,9,42.88709275742202,optimal,0.5990482953428387,0.5208968080139768,-0.03481796594311526,0,0.03564448228912682,0.0,0.6473196593614817,1.593661337413571,0.7978756395852614,development_base__cifar10__resnet18__s23__clean__instrumented,76.89463802199953,0.8620444444444444,0.3967237286461724,0.821,0.5206623657226562
50,10,49.70040389912008,optimal,0.5760960221151007,0.4545395496373479,-0.0912072383226522,0,0.032725424859373686,0.0,0.6174424324703066,1.6316831721500917,0.7774272531088844,development_base__cifar10__resnet18__s23__clean__instrumented,76.90660866100006,0.8726,0.36587662357754175,0.8466,0.419736946105957
52,11,51.81299674875632,optimal,0.5500115385009519,0.4470718055216153,-0.015658967782257394,0,0.02968453286464312,0.001736111111111111,0.6287377569164936,1.636747569861737,0.7836999516837031,development_base__cifar10__resnet18__s23__clean__instrumented,76.4739075690004,0.8842222222222222,0.33257305730183917,0.845,0.48562825469970705
120,12,120.10516664060043,optimal,0.5324277787018508,0.4311753197104343,-0.0634001213591544,0,0.02656976298823284,0.0,0.647019708521815,1.6806349090554498,0.7979152292061779,development_base__cifar10__resnet18__s23__clean__instrumented,75.16198297099982,0.8954444444444445,0.29716891454060873,0.861,0.4143310890197754
28,13,28.492461388408532,optimal,0.5224255922838154,0.43745419824516335,0.007105993330349336,0,0.02343023701176717,0.001736111111111111,0.6449545998699526,1.700354130430655,0.7942098529994005,development_base__cifar10__resnet18__s23__clean__instrumented,69.70792014900053,0.9062888888888889,0.2700501778072781,0.852,0.48490428314208983
54,14,54.19346740006673,optimal,0.4989577852758269,0.40126515526400325,-0.12125906164784533,0,0.02031546713535689,0.0,0.6580541891653913,1.746125576171008,0.8034814662907525,development_base__cifar10__resnet18__s23__clean__instrumented,66.95902167999975,0.9160888888888888,0.242397340965271,0.889,0.32451983184814454
156,15,155.56298009284058,optimal,0.47788354140420536,0.37980961380419365,-0.07013371575336752,0,0.017274575140626323,0.0,0.6369416355428923,1.7560319675301963,0.7885277889575006,development_base__cifar10__resnet18__s23__clean__instrumented,67.22874572699948,0.927,0.21029929859373306,0.8838,0.35711878967285154
118,16,117.9263621125977,optimal,0.46122813577606614,0.3696648652850598,-0.04287859629219343,0,0.014355517710873185,0.0,0.6572464728163495,1.8224958917972716,0.8009438095455798,development_base__cifar10__resnet18__s23__clean__instrumented,64.85332245100017,0.9350222222222222,0.18647954625023735,0.8792,0.37355983657836916
387,17,386.91359960287554,under-batched,0.4516131601064788,0.34967375668359824,-0.07755660627501676,0,0.01160433012552508,0.0,0.554875960540921,1.8237541241740638,0.7191242696276374,development_base__cifar10__resnet18__s23__clean__instrumented,64.42475025299973,0.9457555555555556,0.1580374559932285,0.8926,0.3219347602844238
188,18,187.61657352689895,optimal,0.42153545271051923,0.3263714412458924,-0.09711951842340832,0,0.009064400256282757,0.0,0.6415992364379002,1.7998097948729992,0.7908271540974146,development_base__cifar10__resnet18__s23__clean__instrumented,63.61242336199939,0.9547777777777777,0.13130391712188721,0.9102,0.28229483642578124
7200,19,100000.0,under-batched,0.40539512001365247,0.3143981904654584,-0.0940959069777616,0,0.006775784314464718,0.001736111111111111,0.641051160474891,1.757960882037878,0.7875535044523111,development_base__cifar10__resnet18__s23__clean__instrumented,64.51903370399941,0.9641111111111111,0.10654834555519951,0.9198,0.2662982398986816
7200,20,100000.0,under-batched,0.39921091165777484,0.296254629974387,-0.0793049055352808,0,0.0047745751406263175,0.008680555555555556,0.657708702159987,1.733852545646104,0.7960334384567301,development_base__cifar10__resnet18__s23__clean__instrumented,64.47691428100006,0.9702444444444445,0.08791674747202131,0.9222,0.26539369125366213
7200,21,100000.0,under-batched,0.3769862886005586,0.2839345926616541,-0.07974322609166012,0,0.003092332998903411,0.0,0.6496497566283485,1.5729836450720376,0.7945109771947979,development_base__cifar10__resnet18__s23__clean__instrumented,63.72168736000003,0.9783777777777778,0.0668341972457038,0.9254,0.24978794746398925
7200,22,100000.0,under-batched,0.3582411955135056,0.2690415819653503,-0.07118780607417102,0,0.0017555878527937166,0.0,0.6599219796552818,1.4954741976477883,0.8020158112569565,development_base__cifar10__resnet18__s23__clean__instrumented,63.80044713300049,0.9839111111111111,0.052679102847311234,0.9256,0.24524828147888184
7200,23,100000.0,under-batched,0.34751499327858915,0.2550306735813731,-0.07177336514655397,0,0.000785420971784226,0.0,0.6724867392683982,1.4257872113958001,0.8103665551584249,development_base__cifar10__resnet18__s23__clean__instrumented,65.3068784699999,0.9860888888888889,0.04589158611297607,0.9326,0.23205855102539064
7200,24,100000.0,under-batched,0.34196549450198416,0.24723789886028094,-0.059912986333148927,0,0.00019713246713805592,0.0,0.6657869145840399,inf,0.8061278675180042,development_base__cifar10__resnet18__s23__clean__instrumented,64.15739951900014,0.9882888888888889,0.04083922071721819,0.9318,0.23374826698303222
7200,25,100000.0,under-batched,0.3303935171176393,0.24083568239943473,-0.05218343321840627,0,0.0,0.0,0.6466108626278767,1.303511220199818,0.7914427510220121,development_base__cifar10__resnet18__s23__clean__instrumented,63.022312344000056,0.9898666666666667,0.037676748175091215,0.931,0.23301670055389404
22,1,21.62168717939198,optimal,inf,-inf,inf,0,0.04980286753286195,0.0,0.3891519994609095,1.4356791089204224,0.589730760014721,development_base__cifar10__resnet18__s23__symmetric__instrumented,33.12505942200005,0.27086666666666664,2.094462174818251,0.42,1.583917221069336
78,2,77.98433101191611,optimal,1.1636619859335653,1.1636619859335653,0.13616786636135658,0,0.04921457902821578,0.0,0.5661166546811892,1.135335755280473,0.7458150334028301,development_base__cifar10__resnet18__s23__symmetric__instrumented,53.74875016699934,0.40042222222222223,1.7898847296820746,0.5722,1.2998298522949219
40,3,39.699223898104066,optimal,1.0202514414101815,1.0202514414101815,0.10602567040622479,0,0.04824441214720629,0.0,0.6038760217023227,1.1988292029974135,0.7713352335664938,development_base__cifar10__resnet18__s23__symmetric__instrumented,58.94648703599978,0.4755111111111111,1.6489926272922093,0.6424,1.1262771118164063
7200,4,100000.0,under-batched,1.0798312017558918,0.9312749631307118,0.05089462744021711,0,0.046907667001096595,0.0,0.5454210594010767,1.2129180248488078,0.723755536976874,development_base__cifar10__resnet18__s23__symmetric__instrumented,59.025707945999784,0.5270666666666667,1.5456604637993707,0.665,1.054484423828125
578,5,577.7660533737505,under-batched,1.1628389750704926,0.9950666470826883,0.042839257817862464,0,0.0452254248593737,0.0,0.5679604428866458,1.254543131386692,0.7426443066332982,development_base__cifar10__resnet18__s23__symmetric__instrumented,58.88071783800024,0.5663777777777778,1.4632096282958984,0.6566,1.09520498046875
69,6,69.38604501094139,optimal,108.64304928414867,-5.075859822434565,-4.1711600423433026e-05,0,0.0432242156855353,0.001736111111111111,0.6012471285861549,1.2507305819202552,0.7680310729779433,development_base__cifar10__resnet18__s23__symmetric__instrumented,59.30746630199974,0.6000222222222222,1.3970604773627386,0.7192,0.9493100219726562
107,7,106.67775423188998,optimal,148.5008705541839,-3.8465153916357466,-0.031175005622068208,0,0.04093559974371725,0.0,0.6209754861918588,1.2681211827492171,0.7824593296713329,development_base__cifar10__resnet18__s23__symmetric__instrumented,59.818390958000236,0.6169555555555556,1.3544272125244141,0.7426,0.8397101287841797
61,8,60.83914572790668,optimal,30.689972355793042,-2.7882918193879744,-0.028467567877792144,0,0.038395669874474916,0.0,0.5771256267712266,1.2748078463429755,0.7530004111525187,development_base__cifar10__resnet18__s23__symmetric__instrumented,59.46227955500035,0.6320444444444444,1.318398964775933,0.7814,0.7959779754638672
7200,9,100000.0,under-batched,1.2739986524938551,0.44612986708683994,-0.00518337796203161,0,0.03564448228912682,0.0,0.5570111720877902,1.3279591446573085,0.7304434497037107,development_base__cifar10__resnet18__s23__symmetric__instrumented,59.00731746299971,0.6465777777777778,1.2839085737440321,0.7906,0.7358206085205078
7200,10,100000.0,under-batched,0.994998761804219,0.4309600449966826,0.007293995375610818,0,0.032725424859373686,0.0,0.6025356258201982,1.372075337239287,0.7675177594265937,development_base__cifar10__resnet18__s23__symmetric__instrumented,59.38180060600098,0.6614666666666666,1.2535530907524957,0.8064,0.7022622970581055
130,11,130.25497993728365,optimal,0.8965347289428787,0.5505856518400167,0.04481839242740282,0,0.02968453286464312,0.001736111111111111,0.6103324007557809,1.4173371077261188,0.7729261270899429,development_base__cifar10__resnet18__s23__symmetric__instrumented,60.097032477999164,0.6695555555555556,1.2283792215983074,0.7894,0.7414282928466797
120,12,120.01060233222638,optimal,0.8370266534071568,0.5474452362530395,-0.0021294249123232634,0,0.02656976298823284,0.0,0.6060989557821373,1.4547487250105902,0.7655547832080298,development_base__cifar10__resnet18__s23__symmetric__instrumented,60.59065452500181,0.6831555555555555,1.2005248202853733,0.8168,0.6679011703491211
7200,13,100000.0,under-batched,0.7937827376759855,0.5486408523661708,-0.0030131761553079395,0,0.02343023701176717,0.0,0.6275368678743064,1.512539522553032,0.7844554580838521,development_base__cifar10__resnet18__s23__symmetric__instrumented,59.5491024210005,0.6928888888888889,1.172565397813585,0.8292,0.6445800109863281
191,14,191.48769462440313,optimal,0.7546789545058208,0.5173362024971642,-0.030384520980851093,0,0.02031546713535689,0.0,0.64004628251227,1.5622556063939224,0.7924945624204126,development_base__cifar10__resnet18__s23__symmetric__instrumented,59.5078579710007,0.7025777777777777,1.1488206264919705,0.846,0.5834491775512696
119,15,119.4252761221495,optimal,0.7142292640273898,0.49554086285877647,-0.004583678405546299,0,0.017274575140626323,0.0,0.6282320691127321,1.6475104557519609,0.7843927332251582,development_base__cifar10__resnet18__s23__symmetric__instrumented,60.68541295099931,0.7128666666666666,1.121310860188802,0.8532,0.5905448516845703
261,16,261.2018408263613,optimal,0.6678344489320165,0.48866994100840566,-0.021024042563059675,0,0.014355517710873185,0.0,0.6182886286163831,1.738387780772014,0.7777678831416596,development_base__cifar10__resnet18__s23__symmetric__instrumented,61.62847773000067,0.7205333333333334,1.0995743211534288,0.857,0.5510304397583008
7200,17,100000.0,under-batched,0.6425883046036525,0.49351442689240277,0.016723790454766574,0,0.01160433012552508,0.001736111111111111,0.5447873986506028,1.8380777453157036,0.7135818692528155,development_base__cifar10__resnet18__s23__symmetric__instrumented,60.21758541999952,0.7312666666666666,1.06996930202908,0.859,0.582551789855957
187,18,187.2519553172083,optimal,0.623507086639318,0.48427951223311844,-0.016800288150863207,0,0.009064400256282757,0.0,0.6317749559913434,1.94700477136807,0.7858413898916163,development_base__cifar10__resnet18__s23__symmetric__instrumented,61.05509314399933,0.7399555555555556,1.0438876973470053,0.8678,0.5335679061889649
180,19,180.48573867899484,optimal,0.6036559213688772,0.4628295538703918,-0.03364330738787408,0,0.006775784314464718,0.001736111111111111,0.6353556568578312,2.098664856769822,0.7853471523964582,development_base__cifar10__resnet18__s23__symmetric__instrumented,61.15374618699934,0.7479333333333333,1.018704659016927,0.8814,0.497697265625
110,20,110.48228583440267,optimal,0.5812530053852994,0.4695494881729556,-0.007100134576994321,0,0.0047745751406263175,0.005208333333333333,0.6480701797985335,2.2552851319990377,0.7937335080726375,development_base__cifar10__resnet18__s23__symmetric__instrumented,60.7442942990001,0.7571333333333333,0.9880053717719184,0.877,0.5141694046020507
157,21,157.1714979913323,optimal,0.5655291886469329,0.45916847274573347,-0.004554855888798004,0,0.003092332998903411,0.0,0.6500454404957892,2.437193824824962,0.7965883152624271,development_base__cifar10__resnet18__s23__symmetric__instrumented,60.67232861299999,0.7663111111111112,0.9563793772379557,0.882,0.5086353683471679
179,22,179.3665209758408,optimal,0.5506337146390523,0.46008770962991263,-0.0051944767839655626,0,0.0017555878527937166,0.0,0.6605271627947358,2.6288870237767696,0.8040805320574698,development_base__cifar10__resnet18__s23__symmetric__instrumented,59.552954570999646,0.7743555555555556,0.922909117296007,0.8826,0.5009032089233398
7200,23,100000.0,under-batched,0.5476648195339181,0.45329457980427357,-0.012072196278118064,0,0.000785420971784226,0.0,0.6781820059688761,inf,0.8160735997398602,development_base__cifar10__resnet18__s23__symmetric__instrumented,59.612198699000146,0.7816666666666666,0.8942189612494574,0.887,0.4864472785949707
872,24,872.2604194311971,under-batched,0.5358125359572196,0.4596736298761298,-0.008810977546809207,0,0.00019713246713805592,0.0,0.6710548876969448,2.9266150722449478,0.8114451818444391,development_base__cifar10__resnet18__s23__symmetric__instrumented,60.21260497399999,0.7876666666666666,0.8681123340182835,0.8904,0.48363186492919924
7200,25,100000.0,under-batched,0.527209339220705,0.45248266451761,-0.0003940793928037256,0,0.0,0.0,0.6525916606852146,2.990730632435192,0.7969477593789516,development_base__cifar10__resnet18__s23__symmetric__instrumented,60.44186463200094,0.7917777777777778,0.8537428544786241,0.8882,0.48821388320922854
28,1,28.34157698018135,optimal,inf,-inf,inf,0,0.04980286753286195,0.0,0.4418936759824371,1.583733161742037,0.6507783968862753,development_base__cifar10__resnet18__s23__class_conditional__instrumented,32.45777103,0.2824,1.9491312964545355,0.4414,1.5621586791992188
37,2,37.07119967546366,optimal,1.2927853689649944,1.2927853689649944,0.06812467131820865,0,0.04921457902821578,0.0,0.5623796859606484,1.3844191049310295,0.7415498981158403,development_base__cifar10__resnet18__s23__class_conditional__instrumented,52.348996585998975,0.4253777777777778,1.5943981682671442,0.5546,1.360910040283203
44,3,44.41564538315887,optimal,1.2344215414045117,1.2344215414045117,0.038483838844511675,0,0.04824441214720629,0.0,0.613259672737447,1.4180860810659148,0.7767256685683831,development_base__cifar10__resnet18__s23__class_conditional__instrumented,59.74056074100008,0.5011555555555556,1.3952632988823785,0.584,1.2729053802490233
95,4,95.28393956541284,optimal,126.23075323410363,-46.31112649103528,0.06404131659806189,0,0.046907667001096595,0.0,0.5646411872395118,1.4444465264678001,0.7394858354023357,development_base__cifar10__resnet18__s23__class_conditional__instrumented,59.1815181740003,0.5601111111111111,1.2408742685953775,0.7292,0.9300147888183594
31,5,31.356983399037045,optimal,22.05940841622418,-5.8499716425233235,0.1596738724354816,0,0.0452254248593737,0.0,0.5777039792098199,1.4415479458191178,0.7490446472102196,development_base__cifar10__resnet18__s23__class_conditional__instrumented,59.426687137000044,0.5987111111111111,1.1409736178927952,0.7208,0.9484830932617188
44,6,43.750051581014915,optimal,3.205509169503464,-0.021403235961414295,0.09234847659793044,0,0.0432242156855353,0.005208333333333333,0.6020366084662836,1.4529454538767987,0.7673399106315643,development_base__cifar10__resnet18__s23__class_conditional__instrumented,60.30036565699993,0.6259111111111111,1.0595228781806099,0.739,0.8907578109741211
111,7,110.85401019789057,optimal,1.6070139675653217,0.3438895701139118,0.052790433151455485,0,0.04093559974371725,0.0,0.6259300405804896,1.462541339410977,0.784359996103514,development_base__cifar10__resnet18__s23__class_conditional__instrumented,60.42539977699926,0.6439555555555555,1.0044851372612846,0.7696,0.8181275604248047
131,8,130.92514130128046,optimal,1.4970208780683467,0.11823963897863782,0.011671270627883756,0,0.038395669874474916,0.0,0.5921853177504405,1.4878104769370772,0.7623162911106215,development_base__cifar10__resnet18__s23__class_conditional__instrumented,62.4802690180004,0.6606444444444445,0.9523390363905165,0.8188,0.6859729354858398
114,9,113.69113633043978,optimal,1.098577408592139,0.44458529680896425,0.06104947480090972,0,0.03564448228912682,0.0,0.6344066893961746,1.5230569429695606,0.7897423134541,development_base__cifar10__resnet18__s23__class_conditional__instrumented,66.9608222959996,0.6717777777777778,0.9148425604926216,0.8036,0.7344044921875
187,10,187.1559065914115,optimal,0.8811755252955944,0.5223321792524288,0.04419047239602358,0,0.032725424859373686,0.0,0.6117812032000903,1.560965572907166,0.7736590219098978,development_base__cifar10__resnet18__s23__class_conditional__instrumented,64.84311910799988,0.6844888888888889,0.8755137044270833,0.8192,0.712858219909668
1478,11,1477.8305749092751,under-batched,0.8003017096441676,0.49251821144772356,-0.0029369047470050313,0,0.02968453286464312,0.005208333333333333,0.6150945658102475,1.5949762280691753,0.7730040214044954,development_base__cifar10__resnet18__s23__class_conditional__instrumented,69.84978758699981,0.6933555555555555,0.8454505442301432,0.8438,0.6356101959228516
69,12,69.09275949924317,optimal,0.7623271328485437,0.5406386964351171,0.047658396791125046,0,0.02656976298823284,0.0,0.6354384746087328,1.611242813142863,0.7895562323870475,development_base__cifar10__resnet18__s23__class_conditional__instrumented,65.1980434549987,0.7046444444444444,0.8134444837782118,0.821,0.6912828735351563
89,13,89.01101226434055,optimal,0.7263591583176096,0.5682316807834009,0.011410387058953697,0,0.02343023701176717,0.001736111111111111,0.6425529655275021,1.6412272995168513,0.7917348266914754,development_base__cifar10__resnet18__s23__class_conditional__instrumented,64.92905855699973,0.7134666666666667,0.7850656168619792,0.8434,0.6468403686523437
446,14,446.1579039120003,under-batched,0.7059259494961643,0.5305769321311601,-0.05199968776581665,0,0.02031546713535689,0.0,0.6517259473129838,1.701713615520434,0.7986628650943188,development_base__cifar10__resnet18__s23__class_conditional__instrumented,64.21473591099857,0.7219777777777778,0.7518087578667535,0.8706,0.5536094940185546
437,15,437.3184128882812,under-batched,0.6628713996820776,0.5190203521991897,-0.017518394905579493,0,0.017274575140626323,0.0,0.6328461294482669,1.7769508405842565,0.7856544588854579,development_base__cifar10__resnet18__s23__class_conditional__instrumented,61.57704922599987,0.7327555555555556,0.720656780327691,0.8634,0.5727901763916016
242,16,241.55556677581487,optimal,0.6433960183972786,0.5257884578417458,-0.009912534421364638,0,0.014355517710873185,0.0,0.6444841584812028,1.8354298963465474,0.7932054103165156,development_base__cifar10__resnet18__s23__class_conditional__instrumented,61.507680429000175,0.7394444444444445,0.7007579454210069,0.8648,0.5697893981933594
645,17,644.6606123427758,under-batched,0.6290826732247725,0.5110336649482115,-0.020720688070769544,0,0.01160433012552508,0.001736111111111111,0.549904207762134,1.876775073395534,0.7166961384885879,development_base__cifar10__resnet18__s23__class_conditional__instrumented,61.25667791300111,0.7462,0.6728763197157118,0.8736,0.5471483810424804
2782,18,2782.049918324031,under-batched,0.6052439503132813,0.5023535965525264,-0.03611911184494887,0,0.009064400256282757,0.0,0.6385272914164876,1.898780730637637,0.7884466712703959,development_base__cifar10__resnet18__s23__class_conditional__instrumented,61.76519829800054,0.7555111111111111,0.6460541659884983,0.892,0.5174826080322266
1482,19,1481.9638956333677,under-batched,0.5917383328294624,0.4927195161752339,-0.03922106404666037,0,0.006775784314464718,0.005208333333333333,0.6406680160717901,1.9413812404329127,0.7860450105441045,development_base__cifar10__resnet18__s23__class_conditional__instrumented,61.26656611500039,0.7646,0.6156634840223524,0.894,0.5006696502685547
7200,20,100000.0,under-batched,0.5812865490768834,0.4845378366412519,-0.03619037348828874,0,0.0047745751406263175,0.010416666666666666,0.6506309203916539,1.9776139581067995,0.7904994358013558,development_base__cifar10__resnet18__s23__class_conditional__instrumented,60.57212780000009,0.7726222222222222,0.5909301038953994,0.89,0.4918093132019043
274,21,273.51547042323045,optimal,0.5603034085598098,0.47826506743986513,-0.03982748739533687,0,0.003092332998903411,0.0,0.6485496397910843,1.9471089839935303,0.7938586509033965,development_base__cifar10__resnet18__s23__class_conditional__instrumented,60.747833475001244,0.7803555555555556,0.563457243347168,0.901,0.47654427642822267
302,22,302.1375008117363,under-batched,0.5493984623833341,0.4709114870737201,-0.025495087525592874,0,0.0017555878527937166,0.0,0.6589676709529747,1.9879571612585674,0.8014962028878583,development_base__cifar10__resnet18__s23__class_conditional__instrumented,60.7626553049995,0.7863555555555556,0.5448959272596571,0.9014,0.4829295928955078
7200,23,100000.0,under-batched,0.5394193745926201,0.468651279911698,-0.015998588751592324,0,0.000785420971784226,0.0,0.6701807814251489,inf,0.8088982728665916,development_base__cifar10__resnet18__s23__class_conditional__instrumented,60.44869745699907,0.7916666666666666,0.529657979159885,0.8992,0.48695720596313474
7200,24,100000.0,under-batched,0.5326796807343407,0.46827165432879064,-0.017556475033336905,0,0.00019713246713805592,0.0,0.6651631998963935,1.9701616489751772,0.8059523690932046,development_base__cifar10__resnet18__s23__class_conditional__instrumented,61.58042702700004,0.7961777777777778,0.518414759487576,0.902,0.480326741027832
2892,25,2892.114099694812,under-batched,0.5268719947382554,0.4639977030905043,-0.014009371764669931,0,0.0,0.0,0.6458329593599547,1.9321914956989614,0.7917261896881237,development_base__cifar10__resnet18__s23__class_conditional__instrumented,61.28017881099913,0.7977777777777778,0.5122478929307726,0.9,0.4798935562133789
,1,,,,,,,0.04980286753286195,,,1.9316672845320269,,development_base__cifar10__resnet18__s37__clean__plain,21.126722102999338,0.4002222222222222,1.6391695142957898,0.5316,1.3005729125976562
,2,,,,,,,0.04921457902821578,,,1.6471323011951013,,development_base__cifar10__resnet18__s37__clean__plain,20.18897631999971,0.6043333333333333,1.109839718967014,0.5948,1.2328997375488282
,3,,,,,,,0.04824441214720629,,,1.611802633174441,,development_base__cifar10__resnet18__s37__clean__plain,19.51260043000002,0.7001555555555555,0.8514470857408312,0.7138,0.873371499633789
,4,,,,,,,0.046907667001096595,,,1.5862656940113415,,development_base__cifar10__resnet18__s37__clean__plain,19.56683064900062,0.7542,0.7023642548455132,0.7238,0.8237028411865235
,5,,,,,,,0.0452254248593737,,,1.547787215222012,,development_base__cifar10__resnet18__s37__clean__plain,20.029323004000616,0.7888444444444445,0.6142363238864474,0.8076,0.572420425415039
,6,,,,,,,0.0432242156855353,,,1.5463165884668177,,development_base__cifar10__resnet18__s37__clean__plain,20.111674142999618,0.8144,0.5411605006747776,0.7696,0.7056892669677735
,7,,,,,,,0.04093559974371725,,,1.570460245013237,,development_base__cifar10__resnet18__s37__clean__plain,19.828544189998865,0.8307333333333333,0.4919670384724935,0.8128,0.5895815414428711
,8,,,,,,,0.038395669874474916,,,1.5757866254584356,,development_base__cifar10__resnet18__s37__clean__plain,19.708157887000198,0.8476666666666667,0.44006542646620006,0.8278,0.5207013793945312
,9,,,,,,,0.03564448228912682,,,1.6046432173726233,,development_base__cifar10__resnet18__s37__clean__plain,19.706008143999497,0.8627333333333334,0.39977046746148004,0.8396,0.46592191619873047
,10,,,,,,,0.032725424859373686,,,1.6275747133926912,,development_base__cifar10__resnet18__s37__clean__plain,19.770606285001122,0.8755111111111111,0.36157159309387205,0.8476,0.44907923812866213
,11,,,,,,,0.02968453286464312,,,1.6498395370488816,,development_base__cifar10__resnet18__s37__clean__plain,19.745405190000383,0.8854888888888889,0.32848432595994737,0.8526,0.4266167785644531
,12,,,,,,,0.02656976298823284,,,1.6669220145453105,,development_base__cifar10__resnet18__s37__clean__plain,19.7875949270001,0.8983777777777778,0.29836339475843643,0.8376,0.5177518569946289
,13,,,,,,,0.02343023701176717,,,1.7057250524786385,,development_base__cifar10__resnet18__s37__clean__plain,19.805719026999213,0.9068,0.27276305720011396,0.865,0.42084576950073244
,14,,,,,,,0.02031546713535689,,,1.7342088076878677,,development_base__cifar10__resnet18__s37__clean__plain,19.823520698999346,0.9153111111111111,0.24579373228285048,0.8762,0.36216139068603515
,15,,,,,,,0.017274575140626323,,,1.7499910867349668,,development_base__cifar10__resnet18__s37__clean__plain,19.833257873000548,0.9247333333333333,0.21442178126441108,0.8896,0.3494788398742676
,16,,,,,,,0.014355517710873185,,,1.797573223202066,,development_base__cifar10__resnet18__s37__clean__plain,19.95746090600005,0.9344444444444444,0.18826882966359457,0.899,0.31481718215942384
,17,,,,,,,0.01160433012552508,,,1.7983514956113966,,development_base__cifar10__resnet18__s37__clean__plain,19.835181658001602,0.9449111111111111,0.16040018538369072,0.893,0.33382858963012696
,18,,,,,,,0.009064400256282757,,,1.8080943597649985,,development_base__cifar10__resnet18__s37__clean__plain,19.856261005001215,0.9532222222222222,0.1342982417848375,0.9056,0.29261113815307616
,19,,,,,,,0.006775784314464718,,,1.7752578969706188,,development_base__cifar10__resnet18__s37__clean__plain,19.90167077499973,0.9616444444444444,0.11181546358532375,0.9116,0.28208300399780273
,20,,,,,,,0.0047745751406263175,,,1.7072301120920614,,development_base__cifar10__resnet18__s37__clean__plain,19.798517597000682,0.9697777777777777,0.08880030790434944,0.9176,0.26457289123535155
,21,,,,,,,0.003092332998903411,,,1.6092461429705673,,development_base__cifar10__resnet18__s37__clean__plain,19.804375351001,0.9771333333333333,0.07030920150809818,0.9214,0.2706394989013672
,22,,,,,,,0.0017555878527937166,,,1.5330144669860601,,development_base__cifar10__resnet18__s37__clean__plain,19.815565475999392,0.9820666666666666,0.05775508187082079,0.9222,0.2547641326904297
,23,,,,,,,0.000785420971784226,,,inf,,development_base__cifar10__resnet18__s37__clean__plain,19.824187176000123,0.9848666666666667,0.04926998631689283,0.9228,0.24720630187988282
,24,,,,,,,0.00019713246713805592,,,1.3313226478004998,,development_base__cifar10__resnet18__s37__clean__plain,19.81600932299989,0.9884222222222222,0.0419648720714781,0.9238,0.24799563903808594
,25,,,,,,,0.0,,,1.2992701500823551,,development_base__cifar10__resnet18__s37__clean__plain,19.793747793000875,0.9884888888888889,0.04000731672445933,0.925,0.24840175704956055
17,1,16.78054893151748,over-batched,inf,-inf,inf,0,0.04980286753286195,0.0,0.5209924191171107,1.9316672845320269,0.7096489404450088,development_base__cifar10__resnet18__s37__clean__instrumented,32.402706726999895,0.4002222222222222,1.6391695142957898,0.5316,1.3005729125976562
10,2,9.783526995508403,over-batched,1.1863747226329884,1.1863747226329884,0.046525014915839824,0,0.04921457902821578,0.003472222222222222,0.5757660473687756,1.6471323011951013,0.7512454691377397,development_base__cifar10__resnet18__s37__clean__instrumented,51.798621606998495,0.6043333333333333,1.109839718967014,0.5948,1.2328997375488282
22,3,21.761336405596875,optimal,0.7837503209774069,0.7837503209774069,0.08962117865638208,0,0.04824441214720629,0.0,0.6057855479223792,1.611802633174441,0.7711099064545042,development_base__cifar10__resnet18__s37__clean__instrumented,59.01781412499986,0.7001555555555555,0.8514470857408312,0.7138,0.873371499633789
41,4,40.79510628802804,optimal,437.92674625586847,-74.11059004200004,0.14214034894904803,0,0.046907667001096595,0.0,0.5907030281593826,1.5862656940113415,0.7624165027324379,development_base__cifar10__resnet18__s37__clean__instrumented,59.167656756000724,0.7542,0.7023642548455132,0.7238,0.8237028411865235
7200,5,100000.0,under-batched,7.0397518766247,-2.5357812742846177,0.048982236228179765,0,0.0452254248593737,0.001736111111111111,0.6194772076043344,1.547787215222012,0.7800142125912304,development_base__cifar10__resnet18__s37__clean__instrumented,59.22347497800001,0.7888444444444445,0.6142363238864474,0.8076,0.572420425415039
36,6,36.39293014348535,optimal,4.7423638932996415,-0.4232472517172331,0.14616011225366243,0,0.0432242156855353,0.0,0.6229138057675461,1.5463165884668177,0.7835042978109381,development_base__cifar10__resnet18__s37__clean__instrumented,59.8531313909989,0.8144,0.5411605006747776,0.7696,0.7056892669677735
76,7,75.87451149219471,optimal,3.100774805818124,0.008857517314497767,0.05243570863041991,0,0.04093559974371725,0.0,0.6360392089995742,1.570460245013237,0.7908111486388046,development_base__cifar10__resnet18__s37__clean__instrumented,63.51423556499867,0.8307333333333333,0.4919670384724935,0.8128,0.5895815414428711
25,8,25.146230243791624,optimal,1.3592599356517945,0.21915764786371725,0.0227785859406599,0,0.038395669874474916,0.0,0.6272947495034349,1.5757866254584356,0.7855597250252765,development_base__cifar10__resnet18__s37__clean__instrumented,60.12385112500124,0.8476666666666667,0.44006542646620006,0.8278,0.5207013793945312
1059,9,1059.3269256166816,under-batched,0.9666807634693345,0.256425338453144,0.00853977290645569,0,0.03564448228912682,0.0,0.6240781602984733,1.6046432173726233,0.7835245557099172,development_base__cifar10__resnet18__s37__clean__instrumented,59.70427843099969,0.8627333333333334,0.39977046746148004,0.8396,0.46592191619873047
40,10,40.223060825300806,optimal,0.6629301323000943,0.2508325066018987,0.015482082074963377,0,0.032725424859373686,0.005208333333333333,0.627183315028131,1.6275747133926912,0.7829022561898997,development_base__cifar10__resnet18__s37__clean__instrumented,61.21628834299918,0.8755111111111111,0.36157159309387205,0.8476,0.44907923812866213
428,11,428.29281494089594,under-batched,0.6468472917131545,0.24965315637819127,0.011476322846121267,0,0.02968453286464312,0.0,0.6374752505867524,1.6498395370488816,0.7902550554460147,development_base__cifar10__resnet18__s37__clean__instrumented,59.84005244900072,0.8854888888888889,0.32848432595994737,0.8526,0.4266167785644531
7200,12,21937.381297499724,under-batched,0.5775156402650944,0.3402958857662883,0.0801777814727257,0,0.02656976298823284,0.0,0.6145303607346085,1.6669220145453105,0.7763187367478994,development_base__cifar10__resnet18__s37__clean__instrumented,59.05611635300011,0.8983777777777778,0.29836339475843643,0.8376,0.5177518569946289
495,13,495.28973667078736,under-batched,0.5345753135581343,0.3345445734961287,-0.005373541274617921,0,0.02343023701176717,0.0,0.6211006972320515,1.7057250524786385,0.777493756526867,development_base__cifar10__resnet18__s37__clean__instrumented,59.13651024999854,0.9068,0.27276305720011396,0.865,0.42084576950073244
7200,14,100000.0,under-batched,0.5120308623060549,0.31641543056552457,-0.04249539533260388,0,0.02031546713535689,0.0,0.6430367623442638,1.7342088076878677,0.7931126548784153,development_base__cifar10__resnet18__s37__clean__instrumented,58.77440079000007,0.9153111111111111,0.24579373228285048,0.8762,0.36216139068603515
443,15,442.62641637839806,under-batched,0.4746916597670902,0.32589023287504276,-0.037301282229863175,0,0.017274575140626323,0.0,0.647458505728982,1.7499910867349668,0.795353317529564,development_base__cifar10__resnet18__s37__clean__instrumented,59.4127360629991,0.9247333333333333,0.21442178126441108,0.8896,0.3494788398742676
7200,16,100000.0,under-batched,0.4528445434171315,0.2983490206611647,-0.051588892345631854,0,0.014355517710873185,0.0,0.650840468901297,1.797573223202066,0.7986279033542166,development_base__cifar10__resnet18__s37__clean__instrumented,58.83522736499981,0.9344444444444444,0.18826882966359457,0.899,0.31481718215942384
170,17,169.98024374060313,optimal,0.4264187686806971,0.2922435716761194,-0.02184344731951604,0,0.01160433012552508,0.0,0.6345261801085482,1.7983514956113966,0.7852438164972246,development_base__cifar10__resnet18__s37__clean__instrumented,59.34251984099865,0.9449111111111111,0.16040018538369072,0.893,0.33382858963012696
7200,18,100000.0,under-batched,0.40519285890101964,0.28534714302681247,-0.04736171351758173,0,0.009064400256282757,0.0,0.6310142713681832,1.8080943597649985,0.7846485578652407,development_base__cifar10__resnet18__s37__clean__instrumented,58.981337933999384,0.9532222222222222,0.1342982417848375,0.9056,0.29261113815307616
4807,19,4807.323747295496,under-batched,0.3964901068369456,0.2652503073410733,-0.04408705983642702,0,0.006775784314464718,0.0,0.6431949599310589,1.7752578969706188,0.7935598382810005,development_base__cifar10__resnet18__s37__clean__instrumented,58.71141865200116,0.9616444444444444,0.11181546358532375,0.9116,0.28208300399780273
450,20,449.6743153922953,under-batched,0.37138924917083405,0.2647727989952661,-0.047964200815181324,0,0.0047745751406263175,0.0,0.6538435893488377,1.7072301120920614,0.7990454708497478,development_base__cifar10__resnet18__s37__clean__instrumented,59.7977296629997,0.9697777777777777,0.08880030790434944,0.9176,0.26457289123535155
7200,21,100000.0,under-batched,0.3558397262804317,0.25578488574446767,-0.03238612996695106,0,0.003092332998903411,0.001736111111111111,0.6688056289246237,1.6092461429705673,0.8082448566941636,development_base__cifar10__resnet18__s37__clean__instrumented,58.747391557999435,0.9771333333333333,0.07030920150809818,0.9214,0.2706394989013672
3419,22,3418.865967909292,under-batched,0.34199662099159717,0.24636577969719978,-0.0384538251110037,0,0.0017555878527937166,0.0,0.6667329473806302,1.5330144669860601,0.8085447908135194,development_base__cifar10__resnet18__s37__clean__instrumented,59.132671867999306,0.9820666666666666,0.05775508187082079,0.9222,0.2547641326904297
7200,23,100000.0,under-batched,0.3335036466998022,0.24301051376297672,-0.03718791461002599,0,0.000785420971784226,0.001736111111111111,0.6638696288535152,inf,0.8057272771895174,development_base__cifar10__resnet18__s37__clean__instrumented,59.45204639700023,0.9848666666666667,0.04926998631689283,0.9228,0.24720630187988282
553,24,553.4120443847125,under-batched,0.32453974408031677,0.23930867266014932,-0.029525156583302875,0,0.00019713246713805592,0.006944444444444444,0.6403642307891867,1.3313226478004998,0.7847884692612714,development_base__cifar10__resnet18__s37__clean__instrumented,59.31009908300075,0.9884222222222222,0.0419648720714781,0.9238,0.24799563903808594
7200,25,100000.0,under-batched,0.323484757205549,0.23133339145263818,-0.02373022898694735,0,0.0,0.0,0.6740906769316126,1.2992701500823551,0.812948699734842,development_base__cifar10__resnet18__s37__clean__instrumented,60.06456303699997,0.9884888888888889,0.04000731672445933,0.925,0.24840175704956055
7200,1,100000.0,under-batched,inf,-inf,inf,0,0.04980286753286195,0.0,0.4965105457860674,1.4461470163342627,0.6928338969240305,development_base__cifar10__resnet18__s37__symmetric__instrumented,32.39701106699977,0.29335555555555554,2.026714046223958,0.4398,1.5436462188720703
39,2,39.15405676286091,optimal,1.5850805094193072,1.5850805094193072,0.04143428550256778,0,0.04921457902821578,0.003472222222222222,0.516127453435023,1.1929581752893599,0.6954801024409668,development_base__cifar10__resnet18__s37__symmetric__instrumented,52.19063772500158,0.4172444444444444,1.7693226538764106,0.4382,1.626514794921875
1106,3,1106.1328248627349,under-batched,1.1259850339362394,1.1259850339362394,0.0408486330559481,0,0.04824441214720629,0.0,0.5871455399796791,1.2337007705460896,0.753662486898424,development_base__cifar10__resnet18__s37__symmetric__instrumented,58.61175153900149,0.48464444444444443,1.6318332885742188,0.623,1.1668336669921875
76,4,75.55618635351577,optimal,64661.56121287249,-547.7686974282468,0.1130241186793044,0,0.046907667001096595,0.0,0.5870459814076088,1.2381877286190337,0.7604067234282154,development_base__cifar10__resnet18__s37__symmetric__instrumented,59.149903507999625,0.5360444444444444,1.5252404429117838,0.6904,1.0608474334716798
419,5,418.96299263247687,under-batched,175.39916267154607,-23.03221143649783,0.07617861063098186,0,0.0452254248593737,0.003472222222222222,0.6013631904512913,1.2787119969725609,0.7664637196079168,development_base__cifar10__resnet18__s37__symmetric__instrumented,59.96318160199917,0.5732222222222222,1.453889241197374,0.7446,0.8524553436279297
55,6,55.490295082603815,optimal,16.577571582119155,-3.7652297303431665,0.1389830299819398,0,0.0432242156855353,0.0,0.6105438262706988,1.26906068013473,0.7767686020032235,development_base__cifar10__resnet18__s37__symmetric__instrumented,60.68034446100137,0.6016,1.3966718939887153,0.7586,0.825982421875
522,7,521.7889056564093,under-batched,4.860639650323834,-0.6188894397178865,0.14324711113541266,0,0.04093559974371725,0.0,0.6230696835702036,1.271322655745528,0.7831328574989421,development_base__cifar10__resnet18__s37__symmetric__instrumented,59.428392203999465,0.6216,1.348777392917209,0.7654,0.8408849212646484
87,8,86.85587623206834,optimal,1.8486481764293965,0.14599156011501535,0.10496924732965285,0,0.038395669874474916,0.0,0.6167740376337837,1.3121148530732503,0.7784101733043604,development_base__cifar10__resnet18__s37__symmetric__instrumented,59.95627178699942,0.6380444444444444,1.3105193559434678,0.7626,0.8360703369140625
7200,9,100000.0,under-batched,1.4785843162465733,0.355376027369785,0.0319767995470549,0,0.03564448228912682,0.0,0.6121851537987818,1.334627216173844,0.7748555096938506,development_base__cifar10__resnet18__s37__symmetric__instrumented,59.68995848200029,0.651,1.2792647498236762,0.7946,0.7403165374755859
928,10,928.3877959521141,under-batched,1.155218667650224,0.41734111195444656,0.008385286439057782,0,0.032725424859373686,0.006944444444444444,0.6141186201485225,1.3729482484473423,0.7737241865777352,development_base__cifar10__resnet18__s37__symmetric__instrumented,59.4188703359996,0.6612222222222223,1.2534966854519314,0.812,0.6874048461914063
7200,11,100000.0,under-batched,0.9309579863764481,0.5131094687708607,0.06543616073158032,0,0.02968453286464312,0.0,0.6003819860138568,1.429072512483055,0.7672307924976778,development_base__cifar10__resnet18__s37__symmetric__instrumented,59.381298031999904,0.6745777777777778,1.2210581468370225,0.806,0.757011083984375
754,12,754.4731861198738,under-batched,0.906402444338927,0.5188219085550502,-0.010700845461909858,0,0.02656976298823284,0.0,0.5414610682499956,1.4605219814587722,0.7251819817027692,development_base__cifar10__resnet18__s37__symmetric__instrumented,59.429450531999464,0.6864666666666667,1.1952510318332248,0.8276,0.6616913665771484
440,13,440.13353156660486,under-batched,0.8153948472972654,0.5269747037969029,-0.007677397408514475,0,0.02343023701176717,0.0,0.6083335385862458,1.5140744295309891,0.7692001650215478,development_base__cifar10__resnet18__s37__symmetric__instrumented,59.572357782000836,0.6962888888888888,1.1697262515597873,0.8374,0.6506346633911133
242,14,241.6276300174037,optimal,0.7942006401857769,0.538769851809566,-0.03401433165918022,0,0.02031546713535689,0.0,0.6230448104414835,1.604630060493946,0.7801900400299694,development_base__cifar10__resnet18__s37__symmetric__instrumented,59.90322208999896,0.7028222222222222,1.1473752258300782,0.85,0.603954621887207
7200,15,100000.0,under-batched,0.7346961522562659,0.5438756277645347,0.0038647213602408526,0,0.017274575140626323,0.003472222222222222,0.6361830600876909,1.679272970692678,0.7864466609313706,development_base__cifar10__resnet18__s37__symmetric__instrumented,59.285826035000355,0.7139111111111112,1.1197829884847006,0.841,0.6358539764404297
75,16,75.16919717220667,optimal,0.7155216483281652,0.5474675252503303,-0.01761897631760645,0,0.014355517710873185,0.0,0.6441331884369205,1.7581105567514896,0.7946301351954841,development_base__cifar10__resnet18__s37__symmetric__instrumented,60.07296890899852,0.7204222222222222,1.0974233174641927,0.8544,0.6043204833984375
562,17,561.6765098821755,under-batched,0.698390404474067,0.5250605854105506,-0.07921777651151773,0,0.01160433012552508,0.001736111111111111,0.630826806877858,1.860017354515466,0.7829329918008373,development_base__cifar10__resnet18__s37__symmetric__instrumented,59.90438901700145,0.7325777777777778,1.0665713789198135,0.8742,0.5186903381347656
7200,18,100000.0,under-batched,0.6648951663458456,0.517128732002297,-0.028002994109834867,0,0.009064400256282757,0.0,0.6227418586737503,1.9972965595397083,0.7798239410538017,development_base__cifar10__resnet18__s37__symmetric__instrumented,60.22045757199885,0.7392666666666666,1.043052177259657,0.8712,0.5592051132202148
7200,19,100000.0,under-batched,0.6412123761041729,0.4919188457122575,-0.07141091552293943,0,0.006775784314464718,0.0,0.6360104163292927,2.1321661438454282,0.7898393511370458,development_base__cifar10__resnet18__s37__symmetric__instrumented,59.633215227999244,0.7502222222222222,1.0094473937988282,0.8792,0.49663382873535156
1724,20,1724.2729749485015,under-batched,0.6190152615244622,0.49717988427960386,-0.037871297774955015,0,0.0047745751406263175,0.0,0.6591127692199898,2.292961975051598,0.8031281918591915,development_base__cifar10__resnet18__s37__symmetric__instrumented,59.73445436200018,0.7586444444444445,0.9797475979275173,0.87,0.519006381225586
554,21,554.0310455100054,under-batched,0.6146992843784965,0.49679743723201064,-0.020239663248312167,0,0.003092332998903411,0.001736111111111111,0.6769815577831139,2.4753304791044104,0.8145913366011266,development_base__cifar10__resnet18__s37__symmetric__instrumented,60.30749966300027,0.7678666666666667,0.9507446021185981,0.8762,0.5298930358886719
564,22,563.6469738434253,under-batched,0.5987388104159008,0.4804106331146731,-0.03801960426095985,0,0.0017555878527937166,0.0,0.6774649119947402,2.6763584881343623,0.8159366576054796,development_base__cifar10__resnet18__s37__symmetric__instrumented,60.03023234200009,0.7760666666666667,0.9146277213202583,0.8824,0.5030145805358887
7200,23,100000.0,under-batched,0.5830044506042626,0.48522924371736015,-0.02908448997056845,0,0.000785420971784226,0.005208333333333333,0.6810426481580771,inf,0.8159623877863419,development_base__cifar10__resnet18__s37__symmetric__instrumented,59.733350040000005,0.7827111111111111,0.885519794040256,0.884,0.5050939529418945
719,24,719.4433455494753,under-batched,0.577936798301542,0.4879960065499208,-0.019857819936633825,0,0.00019713246713805592,0.006944444444444444,0.6509720007917906,2.9841884584589438,0.7931029778263736,development_base__cifar10__resnet18__s37__symmetric__instrumented,60.134592619000614,0.7895555555555556,0.8581805223253038,0.8852,0.5095240531921387
7200,25,100000.0,under-batched,0.5731565654511859,0.48390415226270106,-0.017883153656369277,0,0.0,0.0,0.6810500999055882,3.058014003390616,0.8186508540663661,development_base__cifar10__resnet18__s37__symmetric__instrumented,59.36896512899875,0.7931333333333334,0.8419164187961155,0.883,0.5074992530822754
1975,1,1974.834710640479,under-batched,inf,-inf,inf,0,0.04980286753286195,0.0,0.49838486817399796,1.6556951676241376,0.6949309241407843,development_base__cifar10__resnet18__s37__class_conditional__instrumented,32.23431802600135,0.28084444444444445,1.955109681532118,0.4424,1.5386417297363282
26,2,26.480509631718842,optimal,1.2214941737539395,1.2214941737539395,0.102156729566373,0,0.04921457902821578,0.003472222222222222,0.5599534729483265,1.3579627256840467,0.7419595304639062,development_base__cifar10__resnet18__s37__class_conditional__instrumented,51.63493175199983,0.4172222222222222,1.6112467736138238,0.5422,1.3236509033203125
88,3,87.67279744338964,optimal,1.09190330080583,1.09190330080583,0.09149541745588863,0,0.04824441214720629,0.0,0.576317308790537,1.4253502823412418,0.7445375021995784,development_base__cifar10__resnet18__s37__class_conditional__instrumented,57.6735280060002,0.5053777777777778,1.3887821797688802,0.6328,1.1833987182617187
23,4,22.50836407333857,optimal,1.194921557954625,1.0210930420959006,0.04164631182249079,0,0.046907667001096595,0.0,0.5726152409913274,1.4517687850377776,0.7501502558786418,development_base__cifar10__resnet18__s37__class_conditional__instrumented,59.29905121000047,0.5564888888888889,1.2461193203396268,0.666,1.1326478637695312
53,5,52.67353585680894,optimal,11.676558805785591,-4.3495138215855516,0.0685765941889197,0,0.0452254248593737,0.001736111111111111,0.6104188156592087,1.4543389176780528,0.772821514347918,development_base__cifar10__resnet18__s37__class_conditional__instrumented,59.38831986399964,0.5948,1.1410476013183595,0.7446,0.9045266433715821
20,6,19.654733294222375,optimal,2.0232545557681196,0.23065897726128304,0.08338613955462537,0,0.0432242156855353,0.0,0.6016820787806598,1.4510486302050678,0.7698180658248718,development_base__cifar10__resnet18__s37__class_conditional__instrumented,59.39547355099967,0.6248666666666667,1.0639491183810763,0.732,0.9269426879882813
34,7,33.78631123326718,optimal,1.659501284008352,0.15868676746870788,0.04301072598876532,0,0.04093559974371725,0.001736111111111111,0.6170938841520082,1.467541208321398,0.7782110181233324,development_base__cifar10__resnet18__s37__class_conditional__instrumented,58.79485894600111,0.6414,1.007479180908203,0.7698,0.8066107528686524
25,8,24.53889487290393,optimal,1.1155290649930427,0.5639241810096154,0.06616265486875395,0,0.038395669874474916,0.0,0.6171132538181169,1.4951872456480155,0.7779678482405465,development_base__cifar10__resnet18__s37__class_conditional__instrumented,59.40613309800028,0.6573111111111111,0.9561086001925998,0.7648,0.8417777404785156
138,9,138.00475163093486,optimal,0.9708799526301733,0.5351659319984491,0.015314096882621975,0,0.03564448228912682,0.0,0.6168131315667302,1.5040233538232066,0.776707026751848,development_base__cifar10__resnet18__s37__class_conditional__instrumented,58.56556088999969,0.6705111111111111,0.9193666632758246,0.8004,0.7526363647460937
149,10,149.19812232224805,optimal,0.8671209605163788,0.5512849570860049,0.0046145160989139455,0,0.032725424859373686,0.001736111111111111,0.6142262252994549,1.5459850654006004,0.774735700765935,development_base__cifar10__resnet18__s37__class_conditional__instrumented,58.71113388499907,0.6833333333333333,0.8772933651394315,0.8306,0.7020476455688477
462,11,461.8538483970077,under-batched,0.9005044392737791,0.4585722093230802,-0.026164075414152554,0,0.02968453286464312,0.0,0.6198861796921507,1.5790601961992003,0.7784698832003606,development_base__cifar10__resnet18__s37__class_conditional__instrumented,59.07731641400096,0.6923111111111111,0.8489692562527127,0.8444,0.6062056747436524
7200,12,100000.0,under-batched,0.7710820307907458,0.48058054320892685,0.026955284653073508,0,0.02656976298823284,0.0,0.5909190812545608,1.610354466533119,0.7605015466723378,development_base__cifar10__resnet18__s37__class_conditional__instrumented,58.937095744000544,0.7016666666666667,0.8178441189236111,0.844,0.6415766448974609
87,13,87.47803092851677,optimal,0.7411731740606852,0.48350876211121385,0.017180907885494423,0,0.02343023701176717,0.0,0.6109942352288512,1.6596874736926772,0.7703370746669639,development_base__cifar10__resnet18__s37__class_conditional__instrumented,59.41197900299994,0.7132,0.7840883002387152,0.8588,0.613816650390625
322,14,321.82121072902686,under-batched,0.6733246639479127,0.4662207210970844,-0.00798498962203087,0,0.02031546713535689,0.0,0.6384923855553754,1.7094095985997806,0.7898042944277602,development_base__cifar10__resnet18__s37__class_conditional__instrumented,59.435581822999666,0.7204,0.761933635796441,0.8712,0.5611103256225586
463,15,463.2041687275595,under-batched,0.6505532785433429,0.4777650978899332,0.00706220539924729,0,0.017274575140626323,0.001736111111111111,0.6457411067733146,1.772537374360995,0.7926139072738696,development_base__cifar10__resnet18__s37__class_conditional__instrumented,62.228084868000224,0.7288222222222223,0.7339653408474393,0.884,0.5596161193847656
107,16,106.7204544584375,optimal,0.6114463986371819,0.45441849510309756,-0.014016406658103997,0,0.014355517710873185,0.0,0.6457671980276376,1.8039096590470185,0.7951340441266225,development_base__cifar10__resnet18__s37__class_conditional__instrumented,61.155469684999844,0.7392444444444445,0.7001922098795573,0.8872,0.5159473793029785
117,17,117.19573590758348,optimal,0.5898670842480829,0.4676504432054404,0.012033781657055376,0,0.01160433012552508,0.0,0.6323528753676727,1.8530003753575413,0.7837740966917927,development_base__cifar10__resnet18__s37__class_conditional__instrumented,63.573179586999686,0.7466444444444444,0.6722867485894097,0.8784,0.5320941017150879
668,18,668.1358950339838,under-batched,0.5740119331085946,0.44991541699020143,-0.0034865358600613128,0,0.009064400256282757,0.0,0.6207286922452566,1.944296196103096,0.7768461515825528,development_base__cifar10__resnet18__s37__class_conditional__instrumented,69.61587424699974,0.7534666666666666,0.6499900695800781,0.893,0.5036213119506836
221,19,221.23050241722146,optimal,0.5479996861784623,0.4339973303944326,-0.023182630412792726,0,0.006775784314464718,0.0,0.6375346203455776,1.9563199078494853,0.7895030131713259,development_base__cifar10__resnet18__s37__class_conditional__instrumented,63.749800669998876,0.7627555555555555,0.6216175618489583,0.8986,0.46674677734375
7200,20,100000.0,under-batched,0.528706189535809,0.4392505482771777,-0.000538897388738302,0,0.0047745751406263175,0.0,0.6601102589746888,1.9375327903438697,0.8025324824634614,development_base__cifar10__resnet18__s37__class_conditional__instrumented,62.39315350900142,0.7718,0.5930490207248263,0.8998,0.48021954650878906
333,21,333.1957451339522,under-batched,0.5239856622597229,0.4342971158638225,0.005937602478791881,0,0.003092332998903411,0.001736111111111111,0.6766082397426956,1.9847134768285535,0.8128574965267193,development_base__cifar10__resnet18__s37__class_conditional__instrumented,61.026063856999826,0.7803111111111111,0.5691360951741536,0.9022,0.4805682991027832
7200,22,100000.0,under-batched,0.505353770125307,0.4312476485138994,-0.007976494575516135,0,0.0017555878527937166,0.0,0.666530653819157,1.9955265731974081,0.8082772888180565,development_base__cifar10__resnet18__s37__class_conditional__instrumented,60.041998865001005,0.7859333333333334,0.5476834750705295,0.9104,0.4584813705444336
342,23,342.00771473299403,under-batched,0.4977522001464325,0.4317398740361463,0.00496155471777221,0,0.000785420971784226,0.003472222222222222,0.6756391316737719,inf,0.8123398560537849,development_base__cifar10__resnet18__s37__class_conditional__instrumented,61.26846862000093,0.7919555555555555,0.5320978332519531,0.91,0.46698724212646486
3681,24,3681.1740300340534,under-batched,0.48651160897914064,0.4308508114641233,0.0054394698290328725,0,0.00019713246713805592,0.005208333333333333,0.6427010921438584,1.9183329533446918,0.7883543651702382,development_base__cifar10__resnet18__s37__class_conditional__instrumented,65.81928142300058,0.7953555555555556,0.5194830362955729,0.9102,0.46392304306030274
1545,25,1545.4271617657723,under-batched,0.4851110594918751,0.43064469191504023,0.009311354025753893,0,0.0,0.0,0.6792069771625342,1.91467708484693,0.8158311510986248,development_base__cifar10__resnet18__s37__class_conditional__instrumented,70.4243939070002,0.7962,0.5151279208713108,0.909,0.46557611236572266
